chain_length,weight_fraction
4.386410536813618,0.4079894850501993
4.387131475164605,0.4075437154870223
4.387167002200259,0.4069163889647114
4.385531524952445,0.4081638398183992
4.387690800352621,0.4070992770249812
4.38642160713601,0.4042862619426238
4.387542059609652,0.4064476461978722
4.386622990661902,0.40659853080743474
4.386579352380801,0.4068988945916775
4.3866483807033525,0.40542192422402207
4.386011746964403,0.4067052431079922
4.386510936531492,0.4061283095308699
4.385430298598569,0.40695583523118073
4.387190248367572,0.40800464988431523
4.389330315734918,0.4070837920309168
4.385732996494865,0.4068672465119504
4.3860988927298905,0.4077657194052482
4.38681221465748,0.408351808851714
4.385822491302116,0.40642851696953847
4.388306448973114,0.4054584632311956
4.388113669482229,0.404071093172696
4.386076619547437,0.4046252856409856
4.3859244262468415,0.4060649248604394
5.754417028005031,0.152965176694173
5.754343948334665,0.15463863092559704
5.753563559441243,0.15379968220625015
5.754287254330107,0.15459800988590813
5.753791206429295,0.15452188219216115
5.754560481576423,0.15315052449205743
5.754787851330636,0.15251049786251009
5.756847599021666,0.15510213225730887
5.754111106561408,0.1531559793533767
5.754953979028919,0.15361637849951437
5.7529349585561,0.1546821395794006
5.755772465333833,0.15386676630273013
5.753923187220524,0.153987964451719
5.753957239987378,0.15496422097311224
5.753876152219669,0.1527787912653964
5.752989016020027,0.15253318610467834
5.755294992578305,0.15259844601997458
5.75484998233238,0.15261452610589646
5.751391744194838,0.15399711646092817
5.75390035467679,0.15245742599254544
5.754903878857939,0.15309667435957885
5.756349399796408,0.15287685653303035
6.945367189167368,0.05768763649679595
6.944494090606949,0.059524618988550854
6.9454012739569215,0.05921844417076308
6.947313883571771,0.05743734178531043
6.94458252912035,0.058853295011454455
6.944206940163816,0.058989753936797035
6.945272338634198,0.059947640204860785
6.944829317060328,0.061728257172474814
6.944938976593668,0.058105625688841124
6.944396131553436,0.059040026946777895
6.944194491230254,0.0582731470246515
6.946651763265353,0.05916411945719161
6.944626856279436,0.05902487924297297
6.9465200683094075,0.05918806001518386
6.945329262779632,0.05800503807929846
6.945644886886916,0.05824342200815254
6.944968851325105,0.057838492593071555
6.944041185519212,0.05933189076974842
6.944115536042863,0.05779971563509079
6.945691925398033,0.0589654017828681
6.944283110191109,0.059108935074234016
6.943794285160485,0.05905700980364458
5.1285021286274155,0.6452722266025077
5.128375690484327,0.6447764193235197
5.128894922299372,0.6457433493403085
5.129660796425015,0.6450204908717287
5.129050573221038,0.6452316228024265
5.1300535124280415,0.6443842638807521
5.131154513245085,0.6442320858446151
5.127598015089813,0.645047667946308
5.12910482498056,0.6434218592890663
5.129430108571628,0.6448885435274986
5.128144102448293,0.6452447857938755
5.12879731906784,0.6459032178405075
5.128600507134745,0.6462611759161748
5.128285086161861,0.6440814185020675
5.128448740697708,0.6439857619009364
5.128884237132667,0.6459551805447196
5.130019839138812,0.6442743184786055
5.12906034784166,0.6454436159175567
5.1275862547792626,0.6449094184123811
5.12960977733091,0.6433092272824409
5.1296961128356084,0.6465486673702648
3.6849825284560884,0.036456899377152734
3.684799832948087,0.03779897988836199
3.6857829181019697,0.036519056016007106
3.6840464735265286,0.04036479710132488
3.685282681160791,0.038869458758528506
3.683887900678163,0.03674743390615592
3.685859909959954,0.03912572187061388
3.6850518046065655,0.03731895544527687
3.6856219964935444,0.036781538125161176
3.682548280314079,0.03593090382810462
3.6868819856433945,0.03833007627875021
3.6857102122986114,0.03847843453939925
3.6853983258465095,0.03509190798928751
3.6862097050617635,0.038727318992657675
3.6853350243779097,0.036042072530836904
3.6837543125410503,0.03680376450299926
3.686839568884122,0.03828421217308376
3.6852563425961127,0.036397833096321906
3.6854425223200513,0.037430241400582
3.684926969353565,0.03875331733799889
3.68478199767005,0.037078199230699306
3.6850595779706854,0.03889985235183137
3.683387166785964,0.03696386773454608
3.684322589566352,0.036635482093022406
3.6847659479553294,0.036842019571915394
3.687679579510275,0.036695990143644865
3.685336198248299,0.03797641710772327
3.6848681406351393,0.03722379555034235
3.6860294582174413,0.03885079415723371
3.6847191151100844,0.036994334335244336
3.684258264781891,0.03841701834445434
3.684220285041246,0.03693848676207376
3.686428491653721,0.03734121167467741
6.23814986770909,0.16747652759947065
6.239594998354529,0.16726206317972764
6.238877557671338,0.16875415102705557
6.238600835874232,0.16950025266793176
6.238291302150928,0.16929325968454123
6.237731871223235,0.16835089005634718
6.238164392608667,0.16791472633748133
6.238248183665641,0.17044604473456118
6.236842598660372,0.1677015953784387
6.239407194235849,0.16930060859802604
6.239253865929942,0.1668903552986829
6.237273911316527,0.16659297235033974
6.236661866282018,0.1677002750770399
6.236009604925176,0.1660926060007077
6.23787479095039,0.1695505603171748
6.23785601673482,0.16700023224505242
4.579252905327666,0.5983978783359565
4.5779536651544595,0.5985767258566438
4.577174652711642,0.598431180143645
4.578472565953501,0.598869541487047
4.5784536436575065,0.5976176386156501
4.579168508103997,0.5981375526912096
4.578918886240375,0.5992051716167359
4.577563637002026,0.5991313196022162
4.577621000438077,0.5968565566691745
4.578120717414521,0.597352796572631
5.261102639401174,0.49028143504831884
5.261808844749972,0.4883185051742692
5.262143314454081,0.49101946946700253
5.261658535431426,0.4908409683977913
5.2627966494088305,0.4913011783569638
5.26119063083768,0.48958158479442243
5.262532288920613,0.48982829316917237
5.2612820011039725,0.49048663028558603
5.261830348221575,0.4898381236029536
5.263439476239646,0.4891026680344766
5.2625579444755015,0.4883416846691338
5.262063943853966,0.48944159664460585
5.262940247637806,0.48986237012517075
5.262107929746432,0.4899578120368946
5.262086044015061,0.4889807738687558
5.261993659909485,0.4882537081991249
5.262196852619843,0.4893940108526698
5.263077659140002,0.4887808908961004
5.262985341142346,0.48738213060581537
5.261617450707304,0.4881012542611128
5.261830586610178,0.48902093453865036
5.2627159586441215,0.4879015104939332
5.262118920977284,0.4900228395051816
5.264658755705556,0.4892303329264239
5.262641286146614,0.4888442107695043
4.0840761354778135,0.16981057227508028
4.0848310064098055,0.17000364711793162
4.083148002349424,0.16946565686676218
4.083287222381106,0.17229697622535387
4.085207788988783,0.17166977494718935
4.084063018622078,0.17123905709418527
4.082113525089287,0.17273128950500002
4.084318374397852,0.16951194104825887
4.084631150530818,0.17197063306235652
4.084092894768433,0.17181830556946723
4.08555336355352,0.17124926528431433
4.084048915431072,0.17063523826233642
4.08432339021475,0.16882956880880312
4.084046044167902,0.1712146981915512
4.083470082071443,0.17115319765192163
4.083107241387639,0.169248049613025
4.0850370231768345,0.1729483761198656
4.084712084767451,0.1702764723669166
4.083689439797,0.17100141714805875
7.289191871159053,0.006485756443304701
7.290100549250523,0.005088091576233777
7.29026031648723,0.007126967694365427
7.289687416031711,0.005440963227075306
7.290601192578561,0.006407359368303038
7.288286878408085,0.006861802897249294
7.289313303266379,0.005045531921910195
7.289673758394621,0.0068770797996561385
7.2891939032232855,0.005379330712122876
7.289964882836391,0.00552449540859328
7.2888863410495635,0.007291926510194878
7.290350172800225,0.005112917044398102
7.287928883220782,0.006599190664418779
7.290310078819355,0.008362788990958962
7.288213248694236,0.006439920914884685
7.291522648365752,0.005763982971015911
7.2894534349641065,0.004545923220544295
7.290552189464228,0.004900511103203992
7.291039821591633,0.006852863941545112
7.289857024561178,0.006115266448280236
7.289118456538355,0.006168984073821542
7.288917128979637,0.005321380335204666
7.291826237509166,0.004416816555016365
7.289680315607107,0.005260714471582443
4.802476698119565,0.7916642361119319
4.802264845389912,0.7907685469447645
4.803298278192789,0.7912196668205513
4.80206859923536,0.7894838385003665
4.801744015747296,0.7937853965463814
4.803890353531082,0.7922002048292425
4.802320812368979,0.7925095200374409
4.802879313659138,0.7927373918650655
4.803241665201314,0.790901823283026
4.801845286148959,0.7911976430643621
4.799970055534956,0.791500685430916
4.801006947287386,0.7913108730260758
4.801788428321279,0.7917461676444504
4.802432074404342,0.7910953031334211
4.803988685979373,0.7911702522205809
4.800694739441819,0.7939102407533595
4.80074148599103,0.7930405821097771
4.802744789923673,0.7903837348013664
4.800980299172161,0.7898015931509375
4.802468244074048,0.7904507865929558
4.802249231283053,0.790244061950534
4.804672190695626,0.7887037903235073
4.801867739379729,0.790557095546851
4.8014521362647145,0.7943557141856544
4.80121949758248,0.790105245315518
4.801072747128516,0.7932619662790651
4.801337178854445,0.790535463949972
4.801063093262663,0.7933346285032561
4.802766878927132,0.7924542020313243
4.801454804151834,0.7929639825230577
4.80139717475634,0.7908630479019617
5.449512354382058,0.28643891577773223
5.448606549371118,0.28640319526789215
5.448950595094514,0.28569192390259734
5.451111121255555,0.286598340206622
5.448094778197544,0.28580225829448336
5.449682171822909,0.2840860885329393
5.450997651103967,0.2855035608366759
5.450117286304507,0.2848742468725058
5.448976987865832,0.2835901207781661
5.449553473134799,0.2851023831855224
5.449614788294478,0.2858394469366866
5.4500066623619485,0.28468831898168684
5.4506504987385105,0.28608542915562624
5.4492340935537795,0.28599423170208965
5.450828333468797,0.2852982130143555
5.449996223875046,0.2837659273768274
5.448769456824414,0.2865040239227031
5.448644273902796,0.2859722222835504
5.448753123793853,0.28611041362252726
5.450588111753161,0.28478792337013825
3.8877086730260477,0.08446298563805259
3.888307046992619,0.08390586428279535
3.886496775326671,0.08477427231355679
3.8882907466050507,0.08388261899426114
3.8901668983561732,0.08344332408300395
3.8889543767743926,0.08360917727173364
3.8871477671346706,0.08259703675086369
3.889463065029031,0.08406966948515343
3.889129857055304,0.08444271229840748
3.890586518744088,0.08291249889180574
3.889592865130046,0.08478530982870627
3.8884220587151663,0.08431330016699394
3.889165748414288,0.08393913306739767
3.8897999437337956,0.08431478162506907
3.8900466324392444,0.08350419885118306
3.8885476434109285,0.0826508149424485
3.889160487050452,0.08360241277972742
3.889505617346123,0.08264395612005708
3.890011045607905,0.08569892784107876
3.8900252495474956,0.08148193310709274
3.8895274107265254,0.08398386612810622
3.889864925722865,0.08180740788561217
6.072669986357158,0.17333026514049163
6.071763181063946,0.17243344911122138
6.071124749246958,0.17075097105792011
6.071621752206416,0.17212009196125322
6.074508690322181,0.17177846367048097
6.072372384448967,0.17152180940382888
6.073685277835473,0.17086343823809194
6.072729671382767,0.17154661327017753
6.070840528694745,0.17097041308011818
6.072730238963954,0.17128329834606887
6.072170286545852,0.1716372319929515
6.0729373313271475,0.1732547348214254
6.071624454641054,0.16994764202220242
6.0710964585827805,0.1733181332988665
6.072003841201542,0.1691067192631737
6.071234297572622,0.17139943044927985
6.071665444566139,0.1705617172554946
6.072360548447363,0.17162778955933783
6.072218667302011,0.17105824794344912
6.072384734369138,0.17162420662322223
6.072101326230474,0.1716395804425453
6.071590300310695,0.17271668018821335
6.073963151938294,0.17147224152917215
6.071869353577192,0.17049278170396998
6.072032928527406,0.17045354451973702
6.761589055136246,0.09087163072478369
6.760657851289473,0.09239105544039523
6.76072537242262,0.08873080453746136
6.76082311365872,0.09033278109075281
6.761236139450214,0.08982562876807196
6.76071733274416,0.09032527974903741
6.760759892948689,0.09055275288021414
6.762886554905969,0.0879908171186341
6.759788069622138,0.09085015602426133
6.7613460172963595,0.08935523195872076
6.760897222947227,0.09080007425933258
6.761780041261767,0.08909001431285361
6.762295776965391,0.08817967645633383
6.7590916356866995,0.09007889747549619
6.762268171792677,0.09169879335365314
6.760798041483062,0.0909057545309691
6.761764346431054,0.08930312708075579
6.760654982382847,0.08889426774575243
6.760791641390063,0.09292541962916659
6.762235817474905,0.08959949294029985
6.761433352166147,0.0915656528568958
6.760286688352143,0.09133326304417227
6.762413656772444,0.08913156641104845
6.762436734602081,0.0909724187213684
6.581284869282885,0.11700576809224295
6.58146262886624,0.11887852048310293
6.581478853414406,0.11885350271584487
6.580315565444343,0.1189867064146961
6.582031654919651,0.11896588140821811
6.581867327880753,0.11737704724339114
6.582673542058199,0.11734686758522597
6.581475877352333,0.11858574219313688
6.582216593762967,0.11909696976863973
6.582209666227365,0.11833168559906193
6.580271029476227,0.11774952056660255
6.582894436069899,0.11796693041479953
6.582894925574384,0.1170059605594592
6.5819085033771385,0.11656450430156239
6.582239442520329,0.11887440268835893
6.5813313630319055,0.11806057667824521
6.582248266059113,0.11730798830381087
6.580597517134577,0.11903229895940531
6.583180030898494,0.11725257303417803
6.58102598812989,0.11861036794780752
6.58042635226586,0.11791538447009212
3.4923435372962732,0.016756929934154407
3.4922838160681984,0.015198042137670406
3.4915197912045213,0.01702008141654179
3.4913416531501915,0.016374066509220093
3.490977092106136,0.015516524028783191
3.4921616183953414,0.014393921767832753
3.4921124031472006,0.017990276703614826
3.490524915185653,0.01692144565925878
3.490452628090956,0.015557490652572697
3.4908470135573872,0.016510076608894718
3.4923689085539826,0.016017147624416313
3.491157135124277,0.016198088853830103
3.4921666812203886,0.015068104540250017
3.4922765375952793,0.017363004793247396
3.492094266046467,0.01697030176017323
3.491348945678195,0.01550498345988115
3.4933063482984044,0.01681265690592442
3.4935836046080495,0.014783511396644612
3.492586244546368,0.017091909790580614
3.4928572120076233,0.015579373638694629
3.4908507342875943,0.01789535274961659
3.493832054887558,0.01498219220515364
3.491870698492939,0.015770656684307428
3.4917945011419915,0.014968773373796426
3.491112189993227,0.016751693962992597
3.49213106650068,0.01687490039893287
4.2808661064671805,0.31182902381195693
4.280154417608355,0.3119734208191388
4.280987541907325,0.31412946269505765
4.280674455234184,0.31396399499350136
4.280909322694846,0.3132003093967865
4.280793908675157,0.3125863443332887
4.281888934965019,0.311437871136506
4.281591310583856,0.3125952148067647
4.281445274583321,0.3122058602363019
4.281109397052098,0.3112170119246872
4.2809866654401185,0.31264839234327635
4.2804829757701075,0.3128397594693866
4.280135849174552,0.3110598585307564
4.279383986954733,0.3136087454820041
4.281946078070048,0.3121947753580711
4.2792275303826095,0.3126827968584783
4.281867704501294,0.3115869828158907
4.2823300406756974,0.31339334048244577
4.280888028332905,0.31222689864543185
4.281702252617313,0.3112958457812944
4.281540933479589,0.3125401095612197
4.281847854128966,0.3127067599397247
4.280784784612017,0.3143966713441907
4.278787376717746,0.3134353122884555
4.281262901178247,0.31458334518297554
7.133798107758802,0.024987739710193038
7.13384943062077,0.025270623707832937
7.133505807367274,0.027255966222212272
7.132940862264758,0.02640723392135155
7.132907311046679,0.026116148411846504
7.1350077208372475,0.02508030173406131
7.133673161164412,0.0259131904778335
7.134512316082492,0.025364711495588953
7.135032298442281,0.024990540080749114
7.13442613058273,0.024820872654748496
7.1354717169057755,0.02462543619259435
7.135049531443863,0.025598336474869338
7.133041594354155,0.026948035296165716
7.132743496358461,0.02513358363322802
7.1342750982371985,0.023480960597220678
7.133759619365205,0.027091704028762945
7.13308005085048,0.024906649746068772
7.134268611547533,0.025284364655046045
7.135327155285988,0.024145759356851523
7.134291819127165,0.025517123358878423
7.133813611217463,0.026182406248614596
7.1335461900181265,0.025201409309277657
7.135115673589265,0.025883231954127048
7.133952522365863,0.02621789209027469
7.132768201317088,0.026325234806544508
7.13381181885219,0.024673768511672106
4.9317099865291345,0.7899337158189852
4.933815769764079,0.7909619630786395
4.9340464290533905,0.791227296888361
4.932573393609892,0.7918107605622066
4.934171615980527,0.7911737180067634
4.931193368573025,0.7902852138027178
4.931420399550288,0.7924782406773403
4.931530263245985,0.7895308932559763
4.933231497872025,0.7907937745585528
4.9337609429887355,0.7919476743603627
4.93302492886956,0.7915645731624207
4.934797450288926,0.7924945483009646
4.934396845999621,0.791644616379709
4.933099298324144,0.7902421826615259
4.934929917266195,0.791376572135375
4.932113693914257,0.7897176100686029
4.932477707859474,0.7904533205054181
4.934530888914307,0.7915547811809792
4.932723412314263,0.7910619803274831
4.934600783115492,0.7907014087327021
4.933071976043253,0.7902655083650933
4.932423079506789,0.7905135324778002
4.932998796668716,0.7920308474455352
5.304941885902272,0.4334188884236837
5.303410534468583,0.43144780946195205
5.305692509953835,0.4315967182809441
5.305725428799387,0.43229974728108217
5.305810666827277,0.4334226326235423
5.304030786423948,0.4333259677140739
5.304325163653331,0.4321295054991809
5.3049624903990376,0.4326413403130374
5.305597278536689,0.4325826682195593
5.306743532345867,0.4323616211665188
5.305090161821035,0.4325303873024547
5.30591607549611,0.43332726179423925
5.307086375276723,0.4341311364301074
5.305319863566578,0.4331806416847604
5.30579781237149,0.43322561521182207
5.303461906050456,0.43147259272097327
5.30590814057251,0.4325329196098126
5.304488464340598,0.43237841779269953
5.30459029400682,0.43189362016026545
5.30443616302347,0.43326529607485087
5.305276515645381,0.43138368920137427
5.910695328641542,0.16139702138657017
5.9104389003931415,0.16358737562138412
5.909895506759429,0.1607470439414228
5.9116466717304545,0.16198115499780658
5.910531832800602,0.16144879782862206
5.910870146528151,0.1622431985595172
5.910151235410341,0.16152179163520758
5.910816374241546,0.15952359460220894
5.910920221640463,0.1613620684086583
5.912032711417218,0.1596791062156938
5.912662130338669,0.1618962390468323
5.911770131854053,0.16269211203655817
5.9124857157173825,0.1623910636688049
5.912560827342605,0.15948669696087542
5.910844969200859,0.16152524058850246
5.909660380767231,0.1599024096829696
5.9095390894429105,0.16211997253985191
6.40688313225433,0.1518394970247903
6.409119927496647,0.14845068681585988
6.407960820721921,0.1495108100282533
6.406424193601793,0.1471702079422686
6.406104638865524,0.14979293967206952
6.408237351110197,0.1507237364977383
6.408596527990716,0.1501904406311772
6.407305866570901,0.1479117039363487
6.408132371714998,0.1507959715040128
6.407711335054051,0.15105410598568206
6.409541471847697,0.1494457402379039
6.40685032344955,0.14760756414015272
6.407518129764602,0.14825008253857816
6.408782871149235,0.14843986968293738
6.407859425176239,0.15056804195962553
6.40826109778717,0.1517675493697179
6.4083819451240345,0.15086350787731376
6.407332015862185,0.15034706548275012
6.407473091706663,0.14851197896076623
6.407910970282248,0.14803970678502623
6.4076346934831925,0.14913363142799507
6.408718716586702,0.1492207857558095
6.406864494666243,0.1489043546126575
6.407646797405509,0.14790742973727017
5.525658013274929,0.22905723597980826
5.524891320882585,0.22823319591696156
5.52488606373223,0.23206882128802483
5.524993887346832,0.23020527763957938
5.525144514470354,0.2295843168467808
5.524765627939764,0.23027402085851897
5.524971280509139,0.23010862611975882
5.523576037730298,0.22893027134996496
5.524407685007889,0.23134323414145644
5.526938736910583,0.23022500720677044
5.524380898572216,0.22910120063047146
5.5257922115500655,0.2283964842279798
5.525900203163893,0.23010090789230353
5.524304284766755,0.2292282466693287
4.653439703058984,0.6958046815639511
4.655940741071073,0.6932856632437198
4.657427034332221,0.6937491607327546
4.656543043565483,0.6960312588276736
4.6583874390661855,0.6933375112268526
4.657568235547068,0.6941136806201461
4.655925790355244,0.6939721653553995
4.655434575790128,0.6937427870125225
4.656285161181778,0.6937403987146458
4.6573570003953275,0.693863773896847
4.657504599492549,0.6910527258121593
4.65562312550904,0.6958566675616163
4.654896960413444,0.6949547455609161
4.655660377992531,0.6957549851834816
4.654981977601344,0.6946632671859064
4.657674036419222,0.6939828910969322
4.65708716100212,0.6935191568264666
4.656918961108079,0.6946571777830117
4.659442733404104,0.6941944831239816
4.657701156432504,0.6930747033847816
4.484266818602621,0.5018650372248574
4.483483443380852,0.49945763377617836
4.484387413826091,0.49858743074138406
4.483924860953879,0.5009678444640436
4.485844530837269,0.4998439744047161
4.484139521152434,0.5006684198663865
4.485015688683718,0.5008012082508199
4.484427452393741,0.4994259630035445
4.4854381811959145,0.5003926163941501
4.483623543981398,0.4979202186901313
4.483795926711246,0.4991329289248948
4.484051565133025,0.5005585538838616
4.486789171642658,0.5019337118759024
4.484272719309502,0.49987063367516693
4.486674981908577,0.5016670064108047
4.48416572156412,0.5003609130436365
4.483555001128573,0.5020880556414951
4.48359846174931,0.49852402119439626
4.48384246138011,0.500894872697747
4.48281607935938,0.4986050720459638
4.484665780774004,0.5003661195886678
4.484525776186545,0.5009077604582719
4.48287021066263,0.5007425966236767
4.484903526403742,0.500376583411055
4.4853471152906685,0.4970916045968497
4.48216648506258,0.5029805594619493
4.483977720395781,0.5007077485521412
4.486556582073718,0.5002677264926922
4.485149071361376,0.5000048205369021
4.4863013348154634,0.5027760084724782
5.619973920881934,0.183336009953301
5.621467939932909,0.1807463756075004
5.618462483046575,0.18176005150336172
5.62033227266381,0.18240783317447132
5.618544997310476,0.18183420568506517
5.619114688982627,0.18364937150858943
5.619666205895394,0.18357834250011848
5.6187013962355925,0.18358492568116888
5.62066815767078,0.1837089606132577
5.621946741661824,0.18108918486449976
5.620294812351437,0.18011766495749468
5.620326486427345,0.183492254043151
5.619043370203666,0.18219213421585048
5.621119843584379,0.18333883751710242
5.620425221746561,0.18364054857901735
5.029834123176003,0.7393686956357705
5.029685381529279,0.7400176305266278
5.031662028363615,0.7384378958057696
5.029878267398569,0.7401508344111779
5.029509838047581,0.7398987454090402
5.030122577844718,0.7400425620215293
5.027688634764847,0.7406229583765951
5.030721366421299,0.740270603275024
5.030201486905966,0.7388213796902804
5.029548282861027,0.7403134054461654
5.028946546077552,0.7411495494518673
5.028273080707112,0.7396748218425392
5.028447510425214,0.7420608087889359
5.028218452837767,0.7411060529845195
5.028639497470116,0.7385518876633519
5.0294845341674534,0.7407365907146594
5.030014545292565,0.7408880246037143
5.030106552165638,0.7414248113885623
5.030626452368728,0.7404054018219172
5.0283796586707625,0.7406572548690379
5.029936796689086,0.739313282222905
5.027622340903227,0.7401184692796154
5.028906980062022,0.741299383209546
5.028499902448488,0.7395557800594493
5.0295369263580465,0.7395334878820148
3.9888616620444206,0.1262037299147097
3.9894451495503134,0.12730507383459597
3.9907000844675085,0.1256185646276338
3.9893577786565864,0.12455365396017604
3.9890016575500113,0.12590322724479466
3.9888595744619124,0.12688106894336953
3.9883979273360968,0.12756958783433747
3.988458118180014,0.12448379697255274
3.9877981753982397,0.1269001043300182
3.9888285956058667,0.12739463735867765
3.989050978909169,0.12561860895005642
3.9890366019515855,0.1292142926250803
3.9868505152509073,0.12715497174176402
3.9884466565021723,0.126918485097679
3.9878444768185553,0.12603178504628626
3.9878080734896337,0.1256120677427509
3.988388476272182,0.12562501812545995
3.9875958788379653,0.1272966954635417
3.98977531612373,0.1254909617851184
3.988076775084297,0.12584722295336104
3.9883542617188716,0.12754941864879718
3.987605522407777,0.1269311951230158
3.9896243789267674,0.126500545233144
3.9893546352621363,0.1269438535010097
4.224342439417241,0.2619269346069112
4.2234922623699385,0.26373276608987406
4.22102995581859,0.26343349999988686
4.220393577299261,0.263113727460948
4.2222912125002665,0.2632296665821381
4.2216034691535755,0.26279463661142016
4.221701538869855,0.2641711870859024
4.22230367393767,0.263948783179219
4.221733518806911,0.2649932913199312
4.223337743895987,0.26491837262525275
4.2225384250666105,0.2630816359516134
4.221971236518133,0.26439573743414896
4.221174582758724,0.26370909594647757
4.2222633536388114,0.2637444669722171
4.221201966454082,0.2653315135555112
4.223085201671054,0.26434778053506147
4.223810863919724,0.2646774105714753
4.2219154131908905,0.26380706385237807
4.221604477729997,0.26472040374514666
4.2222867248287415,0.2631072404240708
4.221745615935925,0.26486861695290914
4.221687046265247,0.2647028570428943
4.222195106076377,0.2642069081519387
4.2219763989851256,0.2649608313948655
4.222662722681505,0.26322073861282347
3.5863579117041327,0.02539381057165022
3.588239095620127,0.024926080040383228
3.5867250916858455,0.024640965280085175
3.5866881491311733,0.02505231346983761
3.5879400303680273,0.02590908033694123
3.58739288888145,0.025274082627223082
3.5876718559673106,0.02507664380382665
3.5887109875926355,0.024163205711037455
3.586783098835105,0.02360856710504026
3.5878964225855876,0.02331531643745326
3.587239116943465,0.023378920656345673
3.5872999632126454,0.024970309547845616
3.5884422957439677,0.026212136508186108
3.5880679977318457,0.023211198078831877
3.587324109956061,0.026242719853019934
3.587040526964839,0.024840670336913454
3.5878958179011127,0.0244707842825388
3.586175647264162,0.02382426688168914
3.588798608254402,0.025360952159738055
3.5893489578994338,0.02467300295412728
3.589004237798237,0.02404870950640608
3.587470494208005,0.026344466858674684
3.588328994328117,0.027380500543359262
3.5873738893509515,0.023898964242082404
3.5877795740995486,0.026246779383016994
3.587722977381766,0.024222194549545082
3.5850744510302217,0.024120252461683027
3.5867597318919975,0.024871548579196472
3.5860384173496223,0.026679230533343354
5.350432357113584,0.381763981979828
5.350213063558454,0.38103735823290935
5.3506655028868195,0.380764704191417
5.349903152813871,0.38218808295033296
5.351050671285329,0.38126978765522823
5.351538650696555,0.3823846716203351
5.350739240441431,0.38135555564875007
5.351838832375196,0.38163918922299955
5.350947225573596,0.37846023828774356
5.351204938024166,0.38256880877737365
5.3501724838065945,0.3808251464178475
5.349315916552247,0.3827226692371996
5.352256465839877,0.3808458996930939
5.351682062612062,0.38183742437294427
5.350384416717374,0.3823063153640064
5.34992941761818,0.38052540323738715
5.350314059857951,0.382209305300985
5.352352942328292,0.38174762198839157
5.352099914132482,0.3812349550652526
5.350094475352576,0.3818395896619771
5.351262913522866,0.38086668664498224
5.350994508001577,0.38088912959391624
5.350396768599498,0.3805069114265178
5.351709550229578,0.3802886762425523
5.351880716303571,0.3816725282625337
5.17828780268337,0.5846134263173408
5.177997022277253,0.586229499753259
5.177238667368674,0.5863210453614016
5.179166633145531,0.5862130715894313
5.177094852071385,0.5869117801227111
5.177745379415004,0.5853541760588068
5.176746235571252,0.5860929450885334
5.180655229421272,0.5849350120188836
5.178428646627543,0.5867138599513033
5.177792743684314,0.5879594302285072
5.1778990128931905,0.5848538562374066
5.175730332539861,0.5854327330410332
5.177078356601837,0.5864924519367234
5.178069577158473,0.5865369974810537
5.178050348629675,0.585947370831281
5.179582856052649,0.58615146791808
5.1787235468699375,0.5862170438015605
5.17842661872548,0.5865695091474685
5.17732233524368,0.586079401149187
5.179554380219797,0.5849669168762853
5.1780864224075325,0.5866887534175078
5.176348186366796,0.5850461479833351
5.177091444832167,0.5874271352181532
5.178293998499858,0.5860490152228627
5.178623151077303,0.5842415920650152
3.7862279630461013,0.05692987634432389
3.786084389416518,0.05735206592470758
3.7856449695420085,0.056408852574935754
3.7850864816391434,0.057467263296969856
3.7853958066071245,0.058565278735130094
3.7864997392825686,0.057788928330630186
3.7858101543932614,0.056950534684937326
3.785945466547792,0.055827585401232414
3.786876927936062,0.05726437002772556
3.7844234966501435,0.056914922609942506
3.7840597568761263,0.05699966500416802
3.786171997372534,0.056815006841549956
3.784796515804814,0.05631093508852033
3.785345858534505,0.05891853372293231
3.785224880929203,0.05745193817930429
3.787225669045909,0.059094208705918444
3.786238901314924,0.057271392392609616
3.785090438983937,0.056028301699909126
3.7861236052145584,0.05932267772651559
3.7849058756419707,0.05793868582124176
3.7862805698881936,0.055741096914351605
3.786379928822818,0.057835477774640695
3.7859804673115667,0.05688383015253922
3.7871797536232648,0.057114454819524235
4.164357081681215,0.22078615845685193
4.164332774075302,0.21969361905907359
4.160901003129417,0.22048441766144025
4.162567804985208,0.21758296516970393
4.16243727062097,0.22123137183468009
4.1633303066551,0.22125290502213682
4.164215685805395,0.21858947494952014
4.163494239016841,0.21904650620280852
4.1650622309809595,0.21880827423147445
4.1638423010761905,0.21900403441922647
4.1638384243606135,0.22046281152688627
4.163707465333449,0.2191224160225244
4.162680911475786,0.22029930784214913
4.163015355265569,0.22016039594531112
4.1662198624960585,0.22026394826900866
4.163583773102114,0.21919094365153655
4.1647148565411864,0.21807473585343704
4.164000407747591,0.2195683076535048
4.16499075765602,0.22126363437403254
4.1630262626008285,0.2189532765105605
4.163962084279581,0.21867175826970844
4.16416524959136,0.22028469380347748
4.164707902434234,0.22019631536387388
4.162690201741807,0.2190462154815126
4.16456800619134,0.2196835292294148
4.162042244085187,0.22071242880008643
4.165213902531535,0.21971693456286398
4.1626151656625066,0.2206198173628396
4.16259699249196,0.21971564022650483
4.162004374642003,0.21950976486546894
4.340758497997428,0.35995504593269895
4.338561997256885,0.35873835142087324
4.340935311909627,0.3603064567329622
4.339183159170155,0.36027831262135035
4.33818767855614,0.3607203527364515
4.339676500321569,0.35918644280969153
4.338852100362288,0.35854089746789775
4.340816111386745,0.36175625611016327
4.338721120782259,0.35856023915465435
4.339934034846798,0.3605237176834461
4.3394214914631775,0.3605955686384218
4.338019707033223,0.35874663208224217
4.338852443545758,0.3609544387313736
4.338862580760324,0.357464004332235
4.339851356536515,0.35947224198503175
4.340895378526023,0.35802737846132304
4.339676821874802,0.3574055674326685
4.338695514957044,0.35916549611341353
4.338867254229325,0.35998221660036067
4.339604774016147,0.360217201010803
4.339552598921538,0.35877372714095934
4.3417501067895286,0.36098655320682593
4.33936770119161,0.3602972679943621
4.337880174410311,0.3609341557530087
4.338335183125023,0.3586965532391436
4.339946338609331,0.36030261824172
4.339875376631038,0.3588427677201005
4.340196889344983,0.3599658223432065
4.339959601176636,0.3604740879838422
4.3385430862961085,0.360725847257156
4.338605077963716,0.36136119225556934
5.082977007030629,0.6929397321180238
5.082470096967023,0.6912106857744368
5.083258657207179,0.6912163816725895
5.082508223440687,0.6917473123476773
5.080506296533299,0.6902104217766266
5.080177754315496,0.6922618415274918
5.083071922692566,0.6933141335180589
5.0822854817692145,0.6920682882883403
5.082116675889412,0.6927679052076152
5.08219664509935,0.69161824297681
5.083918556142672,0.6914473662695956
5.081150857253214,0.6927101405717031
5.08332088236502,0.691594158107186
5.082032320832471,0.6929192121613904
5.081015347963332,0.692455098986509
5.082350728502906,0.6935169306798011
5.082646272828907,0.6930695579550723
5.081147731723714,0.6906301468254733
4.437552922697193,0.45203127781100283
4.441775966488986,0.453947179295371
4.439641672896194,0.4555291065769699
4.439036892694314,0.45392201401905596
4.440293934809172,0.4547673365120051
4.439497279762703,0.453222601627448
4.440177791865458,0.4527883561947911
4.43918429663469,0.4544615914058016
4.440793143577028,0.456428686260803
4.440409351850778,0.45253652690732615
4.4392553749327615,0.45366417827678696
4.438854604318445,0.45243969590505584
4.440759571958138,0.4531842633544646
4.440212776143598,0.45472824308713955
4.439775840824848,0.4551753084714248
4.439407349233766,0.4551483538937341
4.440310021393804,0.45287212401158927
4.438092983654511,0.4539775925249789
4.439752194271863,0.45342364003446367
4.44009955701735,0.4536016384478535
4.440384493124521,0.45398646680008137
4.4416381768112325,0.4548861089184288
4.440144111727882,0.45396151702070886
4.439993559137451,0.4532023854153235
4.439692679060433,0.4563604226052472
4.441307438958045,0.45418084400624376
4.440386222383222,0.45364875674433225
4.44021602418889,0.45437978204561386
5.395108712533892,0.33668529141504006
5.396108038924545,0.3357516593205094
5.396292534346059,0.33655109158592944
5.39538945222645,0.33654194630399
5.395861081335404,0.3387360758130858
5.39653127873747,0.3359377829584806
5.395875164007277,0.33679246001390145
5.396706272014733,0.3363937766082399
5.395980991847862,0.335222147588563
5.395863859490881,0.3359255156940429
5.3958616298235516,0.33870538794524063
5.397296202554173,0.3363793018560099
5.394965459171892,0.3369997483585681
5.39605137160055,0.33692915374219246
5.39414888646898,0.33602348043033065
5.39619631480458,0.33759113695777065
5.394773658614808,0.33628430098250706
5.396095354092067,0.33762463264298115
5.3958559256156455,0.33597601651680453
5.398082054034679,0.3350383286905738
5.397294338568573,0.3366793709023323
5.396138396885892,0.33634564919880133
5.395460129910002,0.3360619480430832
4.7102262916749575,0.7403514696363783
4.70937084784826,0.7408128287918424
4.710961610368383,0.7403006729487921
4.710166196358982,0.7392618602201969
4.710443722346848,0.7392584485497302
4.710447724880311,0.7404166525131156
4.712202170421412,0.739129397196604
4.709870799282964,0.740991218251524
4.709481418676317,0.7427323800705584
4.7103743120611234,0.7411682765851187
4.70989395150005,0.7402678992644938
4.711125537893934,0.7405699680098893
4.712253448283414,0.7393760637450242
4.7078933552476805,0.7397703454727002
4.712624083767153,0.7406027553133483
4.708785393921059,0.7390393223990899
4.710657612764584,0.7412749082359685
4.710431390651351,0.7408168562345246
4.708982873125092,0.7417114476522148
4.710997432893218,0.7395185893419274
4.709855446811971,0.741161503617114
4.710095645840145,0.7403513596377327
4.710563004273632,0.7385533855820069
4.7069094934815086,0.7405801550121157
4.709291443994986,0.7415051600132694
4.710853033300459,0.7390323393733642
4.711863822891321,0.7411240134671461
5.219838941036594,0.5356900418044388
5.22196085413922,0.5322268205320093
5.220301414391016,0.5361783385698393
5.22111840651584,0.533659256901318
5.221940948581481,0.5351946517348543
5.22059613007386,0.5343485724556813
5.2206760895163065,0.5357833680662142
5.22129765463991,0.5340808566532383
5.21885355563214,0.5343684436354142
5.220699439892166,0.5353249403618533
5.222452941161611,0.5358356467640628
5.2207925469143674,0.5363016823582762
5.2204852121195495,0.5364815034711029
5.221377712399927,0.5331256352071742
5.220178042907473,0.5352394200876406
5.221302431518899,0.5334311389897355
4.536070681510711,0.5567349775040901
4.534621437818308,0.5543029121934233
4.537177745265536,0.5556927626868655
4.535764050573291,0.5547834900412105
4.535152854704681,0.5569169984417776
4.539094372421218,0.5544713329928466
4.536214598375323,0.555163944483512
4.5356969768562685,0.5539361479161424
4.537180761906912,0.5544207454720026
4.5350232716576135,0.5554762451280623
4.537620634403748,0.5543969339090968
4.537777197818694,0.5553913995874212
4.537221886621479,0.55552448883641
4.537602330359615,0.5557222586500441
4.534387565682175,0.5554788979536658
4.536024373375233,0.554952041017997
4.538078556694431,0.5555227950447278
4.5358237242027375,0.5554766581303988
4.537135230179383,0.5549026959241008
4.537300144511852,0.5546040684138591
4.534748410451568,0.5552720598633781
4.536872150900144,0.556499972231779
4.5358204510842794,0.5566320060130915
4.536921652688783,0.5543283623473289
4.538173010091751,0.5558147622487465
4.5353280708458685,0.5546119691779839
4.537353858992979,0.5570494228476845
4.53637189840845,0.5552584015836527
4.535920566580851,0.5548309321786735
4.536458707528306,0.5557856779834613
4.535248687782508,0.5554614689094114
4.537513137796074,0.5554689117059567
4.538300431411614,0.5570520939126385
4.53481089077876,0.5555721407483836
4.6103591534453505,0.647031711644845
4.611282850230887,0.6463228831227392
4.6103521190954195,0.6488500959461686
4.610428811547838,0.6471003475049582
4.613091421793826,0.6474997660928766
4.607859859730415,0.6476631141858634
4.6100849594013145,0.6471694322921401
4.610665142885663,0.6495823155167939
4.609818032039768,0.6478112591004266
4.611535552515602,0.6476860806092515
4.609132131068326,0.6468772435144378
4.610325081208104,0.6487210494666339
4.610127720393861,0.6476357528861699
4.610721073457457,0.6478490396263141
4.609362370204241,0.6479884340760871
4.609114612316235,0.6484127212461548
4.609265206771114,0.6483698519956431
